Uber Exclude,Door-to-Door Only
234,28
411,134
726,492
733,655
767,696
906,716
1007,779
1278,899
1283,1181
1514,1203
1753,1444
2478,1556
3151,1620
3387,1790
3770,1878
5531,2231
5593,2676
5824,3010
6057,3045
6108,3321
6264,3427
6430,3669
6976,3746
7695,3846
7902,3859
8634,3882
8741,3963
8841,4124
9953,4183
10359,5563
10559,5643
10651,5776
10667,5926
10785,5945
10897,6273
10927,6423
11297,6574
11319,6911
11667,7057
11681,7095
11818,7112
12814,7158
13258,7462
13558,7494
13659,7507
14296,7565
14323,7688
14760,7734
14841,7762
15842,7924
15989,7958
16333,7995
16470,8004
16555,8019
16831,8035
17087,8249
17287,8254
17605,8275
18144,8318
18234,8387
23903,8604
23947,8610
24139,8685
24500,8898
24553,8955
24749,8993
24894,9082
24915,9194
25038,9647
25131,9716
25434,9965
26623,10260
26689,10432
26950,10553
27147,10569
27289,10628
27526,10779
27673,10936
27725,11181
27734,11198
27773,11671
27789,11883
28175,12454
28595,12554
29001,12833
29499,12965
29512,13129
29558,13181
29589,13283
29633,13376
29808,13466
30662,13482
30861,14015
31355,14183
31659,14228
31885,14273
32769,14455
33474,14656
33648,14910
33684,14993
34396,15040
34604,15058
34922,15225
35055,15547
35674,15640
35842,16237
36265,16257
36474,16446
36791,16595
36937,16899
37023,17072
37161,17281
37392,17347
37444,17513
37560,17771
37665,17919
37840,18634
37935,20156
38049,23478
38453,23649
38556,23659
38576,23801
39059,23932
39161,23955
39326,24072
39356,24228
39499,24270
39679,24348
39927,24410
39980,24553
40049,24699
40272,24703
40345,24795
41021,24873
41150,24946
41299,24962
41380,24993
42035,25063
42407,25177
42879,25252
42941,25350
43518,25355
43652,25523
43898,26021
44144,26132
44150,26703
44223,26760
44519,26772
44591,26826
44689,26885
44757,26918
44923,27000
44962,27043
45119,27329
45189,27384
45672,27513
46057,27682
46187,27899
46334,27932
47136,28013
47161,28097
47179,28165
47499,28207
48055,28393
48130,28403
48295,28622
48394,28652
48471,28760
49238,28830
49247,28985
49862,28992
50195,29355
50228,29480
50322,29532
50327,29535
50428,29546
50429,29690
50788,29968
51473,30101
51587,30104
51711,30289
51769,30453
52766,30569
52876,30668
52968,30703
53044,30717
53108,30805
53172,30838
53219,31247
53242,31373
53294,31446
53596,31495
53677,31642
54049,31810
54061,32163
54255,32191
54538,32325
54650,32354
54913,32355
54957,32519
55073,32542
55222,32979
55422,33008
55539,33048
55614,33076
55643,33102
55965,33107
56065,33297
56374,33463
56463,33627
56529,33695
56603,33792
56621,34037
56691,34148
56769,34184
56917,34237
57068,34410
57153,34639
57273,34759
57356,34784
57419,34945
58175,34948
58207,35053
58404,35056
58411,35210
58610,35218
58815,35246
58890,35291
58925,35503
58926,35668
58957,35728
59060,36019
59543,36047
59712,36112
59774,36132
59851,36203
59866,36248
59946,36269
59974,36300
60154,36322
60189,36442
60343,36489
60931,36527
61062,36754
61070,36756
61103,37410
61351,37629
61692,37748
61746,37940
61883,38049
61995,38116
62150,38209
62171,38212
62454,38226
62611,38245
62728,38298
62963,38335
62971,38456
63017,38474
63189,38650
63211,38651
63302,38750
63380,38802
63393,39090
63418,39174
63669,39274
63680,39431
63941,39450
63999,39540
64168,39631
64587,39715
64806,39903
64937,39953
64945,39964
65018,40066
65099,40087
65113,40419
65438,40473
65601,40860
65974,40871
65999,40942
66066,41021
66486,41043
66521,41045
66760,41046
66919,41050
67416,41051
67431,41173
68798,41333
69105,41486
69272,41612
69428,41866
69532,41903
69545,42439
69815,42532
69848,42552
69930,42557
70008,42589
70056,42871
70131,42878
70366,43008
70570,43107
70619,43150
70814,43152
70866,43193
70960,43209
70993,43232
71086,43235
71202,43313
71316,43314
71347,43341
71373,43380
71410,43507
71420,43515
71435,43700
71447,43759
71451,43777
71456,43891
71709,43915
71738,44087
71981,44135
72077,44171
72088,44238
72090,44269
72410,44274
72528,44306
72713,44331
72758,44463
72811,44500
73419,44578
73598,44724
73856,44890
74135,45154
74248,45226
74343,45494
74515,45593
74873,45715
75076,45822
75174,45866
75253,45876
75312,46081
75317,46088
75445,46201
75480,46541
75619,46663
75677,46673
75951,46758
76241,47038
76576,47118
76690,47181
76867,47355
76941,47373
76973,47489
77870,47566
78129,47684
78328,47701
78395,47811
78498,47949
78528,47951
78650,47977
78918,47978
79292,48174
79485,48242
79512,48437
79534,48497
79536,48734
79553,48936
79687,48985
79786,49115
80007,49211
80072,49240
80324,49380
80521,49382
80578,49464
80675,49574
80791,49677
80809,49691
80972,49786
81010,49999
81013,50026
81065,50032
81116,50068
81122,50082
81709,50098
81872,50115
82074,50186
82181,50395
82225,50575
82241,50747
82251,50901
82376,50933
82405,50986
82420,51090
82442,51161
82551,51561
82840,51594
82985,51604
83124,52064
83133,52162
83400,52277
83488,52279
84177,52281
84235,52343
84404,52442
84500,52552
84819,52577
84936,52607
86003,52737
86173,52757
86637,52790
86993,52823
87229,53119
87379,53120
87526,53146
87807,53293
87913,53344
87958,53384
89155,53458
89876,53623
90156,53650
90905,53781
91110,53806
91874,53821
91927,53888
92148,54088
92190,54161
92264,54201
92754,54217
92961,54237
93144,54316
93627,54318
93844,54328
93904,54383
94021,54409
94085,54533
95137,54650
95298,54682
95333,54752
95871,54754
96202,54758
96756,54838
96965,54966
97022,55035
97031,55176
97180,55234
97196,55319
97472,55398
97654,55485
97860,55715
97936,55774
98325,55857
98508,55922
99054,55969
99687,56064
99767,56161
99892,56179
100167,56189
100197,56289
100497,56299
100975,56331
101071,56720
101761,56809
102164,57000
102381,57039
102695,57156
102775,57200
102882,57287
103120,57289
103199,57544
103252,57567
103512,57574
103565,57578
103683,57638
104523,57710
105015,57756
105511,57844
106200,57875
106612,57951
106694,58046
106941,58256
107105,58318
107403,58350
107434,58503
107484,58533
107605,58563
107704,58609
108203,58668
108341,58699
108358,58724
108442,58939
108603,59008
108785,59166
108801,59239
108869,59282
108915,59324
108964,59325
108978,59411
109073,59486
109078,59508
109115,59522
109174,59577
109238,59601
109292,59796
109423,59798
109541,59801
109584,59835
109678,59846
109799,59921
110075,59988
110374,60036
110764,60188
110830,60239
110944,60267
111213,60294
111314,60334
111337,60712
111356,60815
111391,60997
111395,61020
111508,61244
111571,61421
111648,61459
111737,61470
111747,61486
111854,61545
112067,61578
112198,61745
112484,61859
112712,61863
112752,61953
112897,62123
112902,62495
113329,62631
113387,62678
113584,62727
113601,62818
113624,62854
113666,62970
114110,63040
114171,63065
114424,63077
114441,63080
115002,63288
115024,63302
115113,63389
115262,63478
115416,63513
115443,63524
115767,63614
115852,63784
115902,63794
116010,63861
116260,63921
116297,63967
116309,63997
116530,64035
116611,64270
116645,64351
116859,64446
117253,64451
117766,64453
117825,64483
117976,64499
118331,64638
118542,64642
118596,64667
118599,64891
118656,64998
118667,65100
118682,65204
118966,65272
119339,65393
119376,65400
119470,65535
119595,65622
119754,65808
119787,65858
119901,66039
119975,66055
120026,66183
120447,66462
120586,66624
120717,66686
120807,66742
120830,66794
120958,66854
120977,66887
121082,67365
121124,67375
121323,67878
121463,68351
121479,68377
121503,68507
121520,68535
121757,68863
121870,69085
121950,69107
122015,69166
122056,69360
122065,69514
122123,69713
122129,69772
122406,69990
122481,70135
123039,70197
123139,70402
123237,70433
123286,70476
123308,70496
123376,70549
123401,70692
123456,70795
123638,70803
124604,70828
124735,70868
124773,70967
124792,71035
124880,71057
124916,71078
125458,71428
125464,71429
125558,71434
125708,71448
125801,71561
125874,71593
126152,71675
126297,71683
126354,71736
126599,71793
126838,71925
126881,71970
127023,72103
127150,72143
127224,72670
127358,72715
127548,72746
127663,72796
127732,72873
127824,73102
127889,73181
127999,73228
128251,73468
128312,73551
128594,73558
128670,73572
128686,73704
128704,73756
128975,73801
129024,73860
129276,73861
129405,73883
129444,74009
129456,74138
129563,74141
129601,74178
129617,74203
129989,74340
130070,74341
130100,74380
130451,74484
130490,74497
130512,74606
130630,74765
130766,74788
130974,74800
131028,74807
131061,74908
131140,75043
131290,75071
131291,75120
131494,75225
131569,75290
131688,75384
131803,75429
131843,75626
132031,75656
132071,75664
132378,75703
132541,75759
132658,75761
132816,75906
132844,75951
133269,76001
133317,76049
133429,76268
133580,76280
133677,76288
133786,76414
133826,76496
133902,76502
133930,76664
134319,76832
134368,76878
134404,76909
134514,76922
134639,76952
134816,77007
134995,77122
135037,77356
135201,77373
135223,77381
135381,77623
135424,77633
135513,77672
135649,77787
135962,77833
136007,77897
136153,78107
136278,78133
136398,78272
136540,78366
136551,78375
136596,78400
136609,78470
136796,78488
136875,78691
136887,78697
136894,78821
136919,79230
136945,79277
137011,79338
137083,79363
137464,79498
137573,79500
137640,79660
137704,79672
137743,79865
137836,79911
138182,79975
138244,80214
138361,80336
138433,80459
138564,80497
138588,80544
138631,80621
138639,80717
138905,80773
138952,80842
138995,80860
139001,81106
139167,81269
139280,81493
139468,81762
139476,81795
139608,81858
139624,81928
139660,81956
139718,82195
139731,82326
139751,82351
139914,82355
140072,82363
140260,82452
140312,82486
140532,82506
140534,82530
140665,82574
140769,82644
141242,82745
141255,82841
141267,83094
141301,83199
141350,83240
141452,83258
141543,83327
141605,83509
141678,83669
141680,83711
141966,83789
141974,83794
141976,83812
142118,83830
142152,83933
142310,83949
142447,83973
142524,84015
142561,84017
142638,84033
142691,84131
142861,84255
142866,84287
142931,84324
143003,84354
143006,84372
143037,84462
143102,84522
143471,84532
143554,84542
143655,84552
143729,84598
143754,84626
144427,84642
144473,84700
144641,84716
144880,84736
144888,84846
145027,84864
145036,84926
145072,84960
145090,85004
145137,85161
145199,85167
145233,85255
145401,85324
145588,85338
145677,85527
145742,85604
145744,85793
145798,85922
145979,85949
146035,86036
146284,86082
146397,86154
146502,86193
146812,86228
147003,86308
147119,86364
147375,86463
147675,86464
147725,86621
147818,86664
147821,86848
147937,86857
147991,86863
148095,86902
148156,86903
148274,86915
148322,87108
148332,87224
148540,87241
148544,87321
148569,87324
148580,87380
148929,87504
149130,87665
149145,87717
149404,87734
149543,87827
149644,87989
149646,88371
149655,88547
149690,88578
149829,88586
149909,88705
149925,88814
149942,88901
150032,89034
150137,89049
150152,89218
150326,89284
150622,89307
150637,89314
150838,89350
150887,89690
150970,89753
151195,89788
151339,89796
151448,89869
151633,89908
151686,90085
151687,90119
151848,90125
152097,90163
152162,90456
152173,90460
152201,90608
152221,90640
152286,90669
152294,90764
152351,90852
152454,90859
152510,90928
152532,91028
152605,91071
152665,91195
152686,91257
152735,91308
152886,91388
153208,91440
153291,91509
153327,91523
153331,91811
153341,91906
153347,92046
153352,92325
153379,92517
153444,92532
153467,92605
153520,92712
153546,92736
153663,92774
153718,92968
153837,93091
153849,93107
153863,93144
153893,93237
154072,93252
154125,93272
154190,93285
154379,93292
154414,93362
154417,93486
154449,93496
154462,93582
154634,93664
154749,93698
154894,93759
154900,93810
154917,94088
155058,94090
155327,94091
155340,94141
155443,94153
155476,94201
155601,94459
155715,94512
155792,94517
155899,94572
156014,94680
156039,94689
156235,94695
156266,94710
156316,94711
156627,94744
156673,94745
156718,94767
156817,94903
156828,94919
156858,94951
157053,94957
157114,94959
157177,94979
157180,95022
157212,95173
157217,95189
157286,95365
157409,95502
157413,95503
157424,95544
157442,95602
157643,95715
157648,95770
157667,95782
157779,95855
158205,95901
158221,96129
158324,96135
158411,96147
158457,96206
158563,96335
158585,96375
158634,96470
158832,96586
158848,96659
158900,96755
159086,96762
159088,96770
159092,96776
159267,96828
159337,96965
159342,97088
159510,97188
159529,97244
159604,97297
159915,97298
159920,97299
159953,97324
159963,97357
160009,97395
160137,97457
160364,97765
160520,97768
160556,97806
160578,97859
160750,97878
160790,98065
160796,98066
160841,98302
160881,98353
160897,98438
160943,98455
161007,98477
161025,98519
161055,98709
161102,98781
161132,98934
161249,99117
161261,99150
161311,99597
161370,99680
161502,99690
161582,99712
161944,99716
162042,99833
162301,99869
162497,99922
162660,100004
162724,100166
162787,100723
162804,100750
162816,100898
163092,100971
163237,101059
163290,101144
163307,101300
163434,101306
163538,101535
163583,101759
163679,101892
163768,102220
163922,102438
163978,102447
164040,102535
164087,102643
164104,102695
164192,102785
164254,102870
164514,102957
164518,102971
164528,103056
164537,103194
164598,103259
164606,103342
164626,103552
164703,103761
164704,103916
164923,104012
164949,104253
165004,104349
165091,104364
165175,104370
165335,104389
165580,104409
165935,104559
165973,105138
166049,105140
166215,105223
166230,105529
166418,105767
166442,105779
166604,105811
166609,105989
166620,106044
166748,106182
166779,106194
166855,106232
166857,106272
166943,106583
166962,106912
167126,107151
167492,107172
167650,107394
167771,107735
167791,107905
167797,107960
167962,107977
167989,107991
168117,108171
168184,108188
168241,108197
168271,108223
168275,108258
168422,108274
168424,108446
168461,108558
168510,108616
168515,108655
168544,108724
168619,108817
168642,108830
169035,108853
169163,108957
169310,109000
169411,109036
169418,109067
169485,109216
169661,109247
169818,109253
169838,109311
170038,109330
170041,109374
170069,109434
170140,109518
170211,109626
170240,109737
170307,109766
170309,109859
170329,109883
170368,109889
170400,110156
170521,110172
170648,110525
170649,110605
170668,110620
170683,110631
170942,110647
171011,110717
171101,110873
171119,110907
171210,110991
171273,111098
171288,111140
171324,111237
171348,111272
171360,111292
171408,111385
171416,111387
171442,111405
171444,111541
171616,111593
171661,111646
171743,111715
171797,111737
171801,111749
172072,111912
172154,111986
172220,112020
172362,112022
172375,112059
172425,112069
172456,112090
172474,112164
172639,112165
172691,112167
172705,112290
172738,112398
172800,112413
172864,112583
173088,112663
173144,112689
173334,112762
173376,112779
173458,112881
173461,112989
173765,112997
173846,113108
173877,113155
173879,113258
173893,113338
173903,113378
174165,113485
174199,113502
174255,113503
174319,113563
174375,113620
174449,113654
174518,113701
174519,113832
174554,113839
175132,113906
175133,113943
175159,113968
175162,114037
175265,114061
175460,114102
175523,114140
175539,114156
175554,114189
175555,114332
175558,114333
175629,114434
175638,114436
175820,114464
175892,114497
176007,114591
176243,114593
176303,114613
176323,114619
176405,114675
176474,114723
176479,114831
176494,114913
176507,114999
176541,115049
176566,115051
176690,115217
176730,115373
177015,115384
177040,115398
177050,115408
177086,115461
177264,115472
177313,115658
177398,115667
177473,115869
177599,115886
177727,115899
177771,115923
177794,115937
177807,115939
177812,115940
177844,116002
178009,116338
178071,116346
178108,116408
178160,116651
178206,116675
178638,116728
178652,116749
178981,116763
179007,116771
179050,116796
179072,116797
179080,116873
179151,117033
179272,117049
179298,117062
179405,117178
179490,117244
179503,117322
179505,117370
179592,117378
179620,117471
179636,117495
179710,117575
179905,117651
179926,117780
180056,117896
180080,117941
180128,117978
180154,118058
180157,118089
180171,118320
180315,118423
180363,118431
180406,118601
180422,118711
180536,118878
180578,118887
180712,118971
180738,119037
180751,119083
180772,119206
180783,119332
180872,119781
180906,119836
180963,119863
181173,119890
181232,119902
181268,119905
181309,119947
181394,119948
181396,120066
181487,120076
181647,120228
181852,120258
181947,120295
181994,120302
182109,120461
182144,120479
182187,120485
182300,120496
182338,120530
182439,120533
182457,120572
182567,120670
182589,120737
182740,120790
182762,120868
182861,121009
183077,121237
183139,121242
183174,121308
183218,121422
183369,121492
183375,121547
183381,121920
183448,121954
183575,121995
183598,122196
183648,122275
183692,122297
183747,122429
183752,122454
183761,122504
183785,122510
183847,122537
184060,122546
184085,122632
184116,122732
184302,122817
184332,122894
184380,122918
184440,122931
184454,122959
184496,123022
184537,123040
184547,123076
184587,123138
184735,123158
184782,123234
184783,123309
184866,123336
184889,123449
185027,123594
185081,123716
185223,123727
185265,123839
185312,124244
185393,124248
185440,124373
185479,124402
185533,124483
185540,124536
185555,124537
185702,124560
185779,124561
185819,124566
185983,124592
186198,124714
186200,124720
186304,124808
186315,124905
186376,125001
186377,125004
186378,125153
186384,125184
186395,125494
186408,125502
186409,125522
186436,125681
186484,125732
186485,125749
186511,126449
186515,126514
186518,126632
186545,126675
186548,126754
186601,126947
186671,127003
186679,127008
186806,127092
186823,127247
186825,127254
186943,127305
186945,127367
186947,127410
186979,127477
187068,127549
187119,127619
187159,127901
187264,127989
187287,127990
187317,128146
187423,128200
187425,128246
187488,128331
187491,128379
187522,128457
187575,128631
187592,128702
187634,128764
187658,128862
187663,129188
187671,129208
187762,129220
187866,129288
187872,129415
187893,129580
187900,129630
187970,129636
187998,129669
188016,129861
188025,129881
188099,129883
188102,130030
188165,130043
188173,130194
188195,130354
188203,130388
188237,130623
188239,130632
188259,130716
188270,130788
188314,130897
188387,131021
188402,131101
188474,131171
188495,131186
188510,131222
188540,131473
188541,131609
188582,131667
188616,131676
188623,131760
188643,131806
188746,131845
188792,131896
188800,131942
188853,132044
188854,132097
188874,132223
188922,132373
188962,132401
188985,132457
188996,132701
189066,132755
189081,132893
189122,132897
189129,132944
189130,132961
189137,133004
189169,133007
189173,133062
189194,133258
189200,133266
189218,133327
189251,133349
189252,133368
189326,133439
189330,133457
189365,133526
189366,133582
189389,133781
189427,133784
189453,133816
189457,134036
189519,134047
189538,134289
189542,134325
189559,134353
189563,134727
189573,134754
189615,134780
189682,134790
189690,134794
189709,134890
189770,135073
189786,135076
189797,135112
189844,135122
189872,135453
189925,135606
189938,135676
189943,135721
190029,135766
190049,135829
190061,135873
190072,136009
190101,136054
190112,136157
190154,136211
190161,136324
190222,136362
190229,136367
190230,136392
190253,136436
190264,136534
190277,136569
190339,136653
190369,136788
190439,136990
190450,137082
190534,137311
190633,137320
190638,137378
190677,137468
190690,137480
190714,137489
190760,137543
190793,137708
190850,137758
190902,137842
190909,138508
190936,138523
190952,138534
191020,138599
191090,138906
191122,138915
191144,138962
191185,138990
191232,139046
191243,139060
191280,139092
191296,139356
191307,139416
191390,139449
191440,139542
191462,139697
191528,139727
191542,139981
191677,140125
191697,140204
191745,140283
191773,140416
191894,140549
191909,140586
191912,140612
192071,140710
192099,140730
192103,140737
192155,140768
192176,140868
192192,140960
192205,141051
192241,141205
192267,141240
192292,141253
192397,141448
192416,141581
192418,141586
192422,141725
192479,141749
192487,141765
192555,142054
192565,142075
192670,142114
192691,142151
192710,142161
192727,142441
192749,142496
192756,142593
192786,142642
192870,142713
192906,142781
192913,142806
192941,142824
192970,142856
193008,143106
193100,143291
193180,143312
193424,143368
193478,143379
193500,143382
193505,143410
193547,143473
193555,143478
193575,143677
193631,143837
193748,143973
193818,143981
193821,144020
193838,144103
193912,144155
193930,144156
194009,144159
194047,144166
194059,144214
194082,144277
194085,144399
194091,144499
194116,144742
194212,144783
194250,144817
194257,144829
194280,144929
194335,144931
194353,144932
194358,144968
194386,145021
194393,145285
194469,145299
194504,145382
194505,145479
194527,145539
194560,145696
194583,145716
194641,145748
194708,145760
194746,145833
194763,145877
194909,145893
194910,146037
195038,146118
195075,146167
195205,146271
195340,146349
195375,146630
195414,146656
195528,146685
195540,146702
195563,146743
195591,146766
195601,146828
195602,146842
195604,146849
195611,146995
195615,147036
195642,147090
195726,147286
195749,147352
195756,147585
195797,147619
195800,147761
195801,147762
195802,147813
195808,147850
195932,147906
195955,147969
195990,148229
195993,148359
196006,148461
196122,148467
196136,148632
196168,148760
196193,148780
196267,148810
196284,148900
196360,148964
196369,148979
196374,149026
196407,149093
196411,149149
196452,149150
196454,149170
196467,149212
196483,149378
196515,149408
196525,149526
196528,149560
196549,149638
196550,149658
196569,149841
196664,150085
196683,150117
196743,150131
196746,150253
196786,150268
196813,150295
196861,150362
196930,150363
196967,150373
197026,150392
197027,150681
197081,150831
197093,150875
197100,150892
197111,150916
197113,150947
197129,150949
197237,151000
197239,151077
197288,151178
197401,151186
197450,151390
197493,151396
197499,151399
197526,151498
197537,151562
197802,151567
197814,151571
197832,151596
197848,151633
197850,151658
197867,151671
197924,151737
197948,151756
197971,151965
197972,152069
197975,152106
197996,152154
198095,152222
198122,152231
198184,152315
198203,152331
198219,152440
198259,152465
198297,152515
198374,152522
198395,152597
198439,152636
198490,152674
198519,152685
198540,152944
198553,152953
198583,153023
198594,153051
198693,153059
198740,153071
199070,153128
199075,153143
199081,153166
199119,153230
199176,153371
199198,153378
199300,153383
199390,153392
199677,153501
199831,153649
199869,153728
199961,153738
199985,153905
200000,154081
200117,154160
200216,154329
200457,154335
200742,154343
200761,154381
200780,154388
200781,154400
200819,154429
200825,154479
200983,154548
201019,154640
201094,154711
201144,154737
201172,154742
201399,154753
201449,154754
201458,154782
201542,154810
201581,154814
201639,154842
201759,154939
201800,155094
201806,155122
201811,155133
202052,155142
202062,155240
202085,155302
202140,155311
202238,155315
202251,155446
202271,155516
202288,155610
202289,155626
202379,155744
202383,155847
202444,155903
202504,155904
202526,155952
202596,155999
202643,156082
202648,156116
202851,156120
202859,156230
202863,156243
202913,156292
202939,156468
202953,156508
203094,156510
203243,156561
203338,156597
203394,156635
203575,156857
203798,156868
203805,157061
203905,157099
203919,157249
204097,157254
204170,157257
204183,157296
204343,157423
204363,157426
204450,157486
204546,157541
204569,157551
204713,157568
204832,157573
204953,157585
205210,157647
205230,157731
205352,157824
205400,157861
205601,157863
205723,157882
205733,157888
205753,158056
205869,158213
205872,158242
205995,158281
206017,158293
206024,158391
206042,158392
206101,158456
206624,158527
206788,158555
206894,158589
206916,158650
207061,158672
207485,158708
207547,158723
207635,158790
207669,158803
207670,158813
207789,158816
207835,158934
208004,158972
208136,158979
208173,159037
208348,159043
208436,159096
208498,159097
208641,159102
208948,159148
209007,159154
209049,159175
209058,159689
209184,159830
209211,159833
209252,159860
209260,159944
209316,160096
209349,160131
209362,160152
209365,160259
209415,160290
209525,160313
209699,160404
209812,160419
209848,160510
209943,160627
209957,160638
210006,160686
210047,160705
210141,160706
210414,160809
210534,160824
210557,160852
211120,160877
211359,160928
212038,160934
212866,160943
214982,160985
,161304
,161558
,161695
,161749
,161754
,161792
,161795
,161912
,161953
,161999
,162092
,162204
,162273
,162325
,162365
,162434
,162544
,162684
,162685
,162771
,162825
,162889
,162937
,162963
,163002
,163075
,163395
,163445
,163466
,163674
,163777
,163803
,163826
,163859
,163931
,163973
,164085
,164172
,164193
,164228
,164263
,164334
,164339
,164434
,164590
,164591
,164595
,164598
,164652
,164724
,164731
,164959
,165248
,165250
,165334
,165357
,165468
,165477
,165640
,165842
,165999
,166037
,166041
,166070
,166161
,166172
,166193
,166231
,166274
,166366
,166402
,166407
,166418
,166606
,166718
,166835
,166871
,166953
,166965
,167132
,167150
,167246
,167331
,167341
,167343
,167368
,167391
,167439
,167489
,167508
,167514
,167616
,167630
,167645
,167649
,167785
,167847
,167861
,167868
,167872
,167943
,168027
,168031
,168063
,168109
,168172
,168386
,168470
,168582
,168680
,168804
,168924
,168945
,169024
,169028
,169067
,169211
,169258
,169286
,169342
,169517
,169544
,169662
,169704
,169839
,169902
,169913
,169943
,170090
,170148
,170223
,170561
,170578
,170606
,170641
,170680
,170772
,170775
,171202
,171233
,171292
,171311
,171345
,171629
,171751
,171756
,171799
,171815
,171957
,171969
,171984
,172120
,172149
,172167
,172233
,172334
,172343
,172402
,172431
,172467
,172511
,172543
,172648
,172766
,172812
,172855
,173004
,173008
,173048
,173150
,173168
,173248
,173419
,173491
,173493
,173579
,173615
,173631
,173729
,173756
,173826
,173844
,173899
,173984
,174193
,174240
,174268
,174311
,174366
,174412
,174446
,174514
,174630
,174640
,174684
,174688
,174910
,174984
,174998
,175117
,175228
,175389
,175433
,175764
,175771
,175919
,175931
,175979
,176031
,176086
,176095
,176104
,176176
,176310
,176322
,176402
,176431
,176439
,176510
,176539
,176549
,176596
,176613
,176628
,176643
,176668
,176688
,176744
,176865
,176927
,176933
,177050
,177059
,177078
,177100
,177113
,177165
,177178
,177293
,177441
,177475
,177622
,177667
,177696
,177708
,177854
,177957
,177958
,177974
,177986
,178028
,178110
,178165
,178180
,178244
,178265
,178606
,178639
,178641
,178657
,178659
,178660
,178663
,178692
,178856
,178912
,178934
,178979
,178991
,179307
,179310
,179327
,179482
,179494
,179709
,179794
,179821
,179918
,180048
,180072
,180148
,180151
,180270
,180329
,180379
,180395
,180433
,180437
,180479
,180492
,180575
,180725
,180858
,180900
,180917
,180960
,181049
,181079
,181139
,181198
,181260
,181265
,181271
,181272
,181397
,181502
,181620
,181626
,181758
,181864
,181900
,181933
,182084
,182172
,182287
,182363
,182377
,182391
,182473
,182500
,182697
,182806
,182881
,182891
,182984
,183045
,183103
,183171
,183334
,183374
,183686
,183719
,183822
,183859
,183915
,184006
,184013
,184064
,184126
,184177
,184182
,184271
,184361
,184393
,184429
,184468
,184584
,184624
,184637
,184686
,184693
,184717
,184754
,184984
,185053
,185100
,185250
,185341
,185361
,185375
,185381
,185463
,185567
,185608
,185644
,185670
,185823
,186098
,186110
,186148
,186178
,186231
,186252
,186256
,186314
,186358
,186388
,186395
,186429
,186498
,186542
,186554
,186624
,186632
,186667
,186696
,186704
,186719
,186730
,186738
,186747
,186821
,186923
,186942
,187007
,187045
,187054
,187085
,187251
,187276
,187295
,187310
,187340
,187402
,187435
,187438
,187464
,187510
,187556
,187571
,187586
,187590
,187639
,187683
,187729
,187790
,187791
,187806
,187883
,187919
,188035
,188110
,188123
,188148
,188176
,188240
,188246
,188388
,188411
,188420
,188429
,188457
,188469
,188526
,188548
,188569
,188589
,188595
,188688
,188706
,188709
,188714
,188729
,188780
,188787
,188789
,188803
,188879
,188880
,188900
,188929
,188974
,188998
,189036
,189049
,189055
,189087
,189094
,189151
,189152
,189166
,189168
,189200
,189228
,189254
,189262
,189336
,189386
,189400
,189414
,189420
,189470
,189489
,189517
,189521
,189537
,189552
,189555
,189565
,189571
,189629
,189636
,189649
,189650
,189694
,189702
,189760
,189826
,189829
,189910
,189940
,190039
,190067
,190178
,190300
,190330
,190402
,190432
,190452
,190456
,190589
,190655
,190733
,190764
,190778
,190820
,190852
,190896
,190918
,190976
,191037
,191054
,191055
,191058
,191102
,191107
,191150
,191199
,191245
,191294
,191298
,191324
,191329
,191330
,191332
,191334
,191341
,191349
,191373
,191374
,191416
,191463
,191477
,191504
,191514
,191552
,191561
,191562
,191565
,191583
,191610
,191723
,191731
,191738
,191740
,191890
,191916
,192035
,192042
,192100
,192121
,192126
,192134
,192180
,192225
,192229
,192247
,192281
,192286
,192310
,192325
,192330
,192374
,192376
,192421
,192494
,192507
,192536
,192542
,192554
,192636
,192648
,192666
,192728
,192753
,192874
,192896
,192930
,193035
,193037
,193076
,193105
,193150
,193152
,193172
,193193
,193199
,193201
,193205
,193280
,193337
,193339
,193553
,193570
,193591
,193649
,193669
,193741
,193815
,193828
,193885
,193920
,193972
,194036
,194081
,194123
,194140
,194164
,194168
,194171
,194186
,194187
,194195
,194232
,194399
,194418
,194477
,194502
,194532
,194601
,194620
,194664
,194681
,194683
,194781
,194790
,194849
,194853
,194880
,194902
,194936
,194972
,194997
,195021
,195088
,195107
,195123
,195139
,195176
,195194
,195206
,195239
,195244
,195247
,195261
,195265
,195294
,195378
,195452
,195455
,195475
,195539
,195562
,195571
,195579
,195610
,195613
,195662
,195667
,195686
,195706
,195770
,195827
,195887
,196017
,196020
,196023
,196059
,196187
,196279
,196289
,196384
,196417
,196447
,196458
,196465
,196483
,196489
,196532
,196616
,196624
,196632
,196705
,196730
,196731
,196733
,196763
,196780
,196795
,196798
,196807
,196869
,196900
,196916
,196959
,197078
,197096
,197107
,197166
,197245
,197246
,197257
,197282
,197334
,197455
,197660
,197689
,197800
,197847
,197890
,197930
,197969
,198006
,198103
,198108
,198113
,198150
,198171
,198263
,198416
,198419
,198430
,198438
,198440
,198493
,198494
,198496
,198592
,198613
,198654
,198671
,198710
,198730
,198804
,198840
,198873
,199087
,199098
,199271
,199305
,199343
,199525
,199551
,199560
,199626
,199673
,199796
,199800
,199887
,199899
,199971
,200029
,200031
,200074
,200106
,200107
,200114
,200177
,200210
,200272
,200294
,200336
,200407
,200449
,200462
,200471
,200577
,200646
,200720
,200741
,200774
,200798
,200939
,200942
,200974
,200993
,201062
,201152
,201275
,201281
,201320
,201384
,201389
,201478
,201531
,201714
,201751
,201881
,201889
,202000
,202107
,202146
,202148
,202218
,202375
,202480
,202516
,202619
,202742
,202749
,202750
,202795
,202815
,202828
,202982
,203065
,203255
,203302
,203438
,203444
,203542
,203584
,203659
,203722
,203763
,203785
,203867
,203947
,204010
,204221
,204234
,204335
,204375
,204512
,204556
,204604
,204704
,204777
,205040
,205168
,205205
,205265
,205323
,205351
,205391
,205497
,205601
,205656
,205703
,205816
,205875
,205969
,206014
,206049
,206128
,206175
,206180
,206188
,206443
,206504
,206532
,206559
,206614
,206667
,206775
,207051
,207073
,207093
,207161
,207372
,207685
,207703
,207705
,207736
,207929
,208052
,208056
,208458
,208734
,208996
,209152
,209264
,209474
,209567
,209690
,209801
,210143
,210376
,210407
,210724
,212335
,213098
,213202
,214567
,215900
,11337
